{"cameraMode":{"drawMode":0,"name":"Shaded","section":"Shading Mode"},"sceneLighting":true,"audioPlay":false,"sceneViewState":{"m_AlwaysRefresh":false,"showFog":true,"showSkybox":true,"showFlares":false,"showImageEffects":true,"showParticleSystems":false,"showVisualEffectGraphs":true,"m_FxEnabled":true},"in2DMode":false,"pivot":{"x":0.7939817905426025,"y":0.6937220096588135,"z":5.199672698974609},"rotation":{"x":-0.11874733865261078,"y":0.21040551364421845,"z":-0.025757020339369775,"w":-0.9700336456298828},"size":4.319244861602783,"orthographic":false}